id,name,type,region,province,city,address,postal_code,phone,email,appointment_method,appointment_url,source_url,official_list_url,source_date,verified_at,verification_status,notes
creade-pozuelo,CREADE Pozuelo de Alarcón,creade,Comunidad de Madrid,Madrid,Pozuelo de Alarcón,"Paseo de la Casa de Campo, 1",28223,+34666800194;+34913990009,,phone,,https://ucraniaurgente.inclusion.gob.es/w/tramites-proteccion-temporal-desplazados-ucrania,,2026,2026-09-15,verified,
creade-barcelona,CREADE Barcelona,creade,Cataluña,Barcelona,Barcelona,"Calle de Sant Fructuós, 78-80",08004,+34932382199;+34913990009,,phone,,https://ucraniaurgente.inclusion.gob.es/w/tramites-proteccion-temporal-desplazados-ucrania,,2026,2026-09-15,verified,
creade-torrevieja,CREADE Alicante (Torrevieja),creade,Comunitat Valenciana,Alicante,Torrevieja,"Calle Urbano Arregui, 8",03185,+34913990009,,phone,,https://ucraniaurgente.inclusion.gob.es/w/tramites-proteccion-temporal-desplazados-ucrania,,2026,2026-09-15,verified,Local phone not listed on source page; general line only.
creade-malaga,CREADE Málaga,creade,Andalucía,Málaga,Málaga,"Avenida del Pintor Joaquín Sorolla, 145",29017,+34628216478;+34913990009,,phone,,https://ucraniaurgente.inclusion.gob.es/w/tramites-proteccion-temporal-desplazados-ucrania ; https://ucraniaurgente.seg-social.es/w/tramites-proteccion-temporal-desplazados-ucrania,,2026,2026-09-15,conflict,"ADDRESS CONFLICT: inclusion.gob.es shows Av. Pintor Joaquín Sorolla 145, 29017; mirror seg-social.es shows Av. José Ortega y Gasset 20, 29006. Confirm by phone before publishing."
comisaria-algeciras,Comisaría Policía Nacional — Algeciras,police_station,Andalucía,Cádiz,Algeciras,,,+34956588424,algeciras.ucrif3@policia.es,phone_or_email,,https://www.interior.gob.es/opencms/export/sites/default/.galleries/ucrania/Comisarias_proteccion_temporal.xlsx,https://www.interior.gob.es/opencms/export/sites/default/.galleries/ucrania/Comisarias_proteccion_temporal.xlsx,2022-03-30,2026-09-15,official_2022,Matches official Interior XLSX (file last modified 2022-03-30). Official list has no street address; confirm address separately.
comisaria-cadiz,Comisaría Policía Nacional — Cádiz,police_station,Andalucía,Cádiz,Cádiz,,,+34956297560,cadiz.asilo@policia.es,phone_or_email,,https://www.interior.gob.es/opencms/export/sites/default/.galleries/ucrania/Comisarias_proteccion_temporal.xlsx,https://www.interior.gob.es/opencms/export/sites/default/.galleries/ucrania/Comisarias_proteccion_temporal.xlsx,2022-03-30,2026-09-15,official_2022,Matches official Interior XLSX (file last modified 2022-03-30). Official list has no street address; confirm address separately.
comisaria-cordoba,Comisaría Policía Nacional — Córdoba,police_station,Andalucía,Córdoba,Córdoba,,,+34957594725,,phone,,https://www.interior.gob.es/opencms/export/sites/default/.galleries/ucrania/Comisarias_proteccion_temporal.xlsx,https://www.interior.gob.es/opencms/export/sites/default/.galleries/ucrania/Comisarias_proteccion_temporal.xlsx,2022-03-30,2026-09-15,official_2022,Matches official Interior XLSX (file last modified 2022-03-30). Official list has no street address; confirm address separately.
comisaria-huelva,Comisaría Policía Nacional — Huelva,police_station,Andalucía,Huelva,Huelva,,,+34959541922,huelva.asilos@policia.es,phone_or_email,,https://www.interior.gob.es/opencms/export/sites/default/.galleries/ucrania/Comisarias_proteccion_temporal.xlsx,https://www.interior.gob.es/opencms/export/sites/default/.galleries/ucrania/Comisarias_proteccion_temporal.xlsx,2022-03-30,2026-09-15,official_2022,Matches official Interior XLSX (file last modified 2022-03-30). Official list has no street address; confirm address separately.
comisaria-sevilla,Comisaría Policía Nacional — Sevilla,police_station,Andalucía,Sevilla,Sevilla,,,,,icp_online,https://sede.administracionespublicas.gob.es/icpplus/index.html,https://www.interior.gob.es/opencms/export/sites/default/.galleries/ucrania/Comisarias_proteccion_temporal.xlsx,https://www.interior.gob.es/opencms/export/sites/default/.galleries/ucrania/Comisarias_proteccion_temporal.xlsx,2022-03-30,2026-09-15,official_2022,Matches official Interior XLSX (file last modified 2022-03-30). Official list has no street address; confirm address separately.
comisaria-almeria,Comisaría Policía Nacional — Almería,police_station,Andalucía,Almería,Almería,,,+34950623105,almeria.bdep@policia.es,phone_or_email,,https://www.interior.gob.es/opencms/export/sites/default/.galleries/ucrania/Comisarias_proteccion_temporal.xlsx,https://www.interior.gob.es/opencms/export/sites/default/.galleries/ucrania/Comisarias_proteccion_temporal.xlsx,2022-03-30,2026-09-15,official_2022,Matches official Interior XLSX (file last modified 2022-03-30). Official list has no street address; confirm address separately.
comisaria-granada,Comisaría Policía Nacional — Granada,police_station,Andalucía,Granada,Granada,,,+34958808178;+34958808532,,phone,,https://www.interior.gob.es/opencms/export/sites/default/.galleries/ucrania/Comisarias_proteccion_temporal.xlsx,https://www.interior.gob.es/opencms/export/sites/default/.galleries/ucrania/Comisarias_proteccion_temporal.xlsx,2022-03-30,2026-09-15,official_2022,Matches official Interior XLSX (file last modified 2022-03-30). Official list has no street address; confirm address separately.
comisaria-jaen,Comisaría Policía Nacional — Jaén,police_station,Andalucía,Jaén,Jaén,,,+34953295318;+34953295311,,phone,,https://www.interior.gob.es/opencms/export/sites/default/.galleries/ucrania/Comisarias_proteccion_temporal.xlsx,https://www.interior.gob.es/opencms/export/sites/default/.galleries/ucrania/Comisarias_proteccion_temporal.xlsx,2022-03-30,2026-09-15,official_2022,Matches official Interior XLSX (file last modified 2022-03-30). Official list has no street address; confirm address separately.
comisaria-malaga,Comisaría Policía Nacional — Málaga,police_station,Andalucía,Málaga,Málaga,,,+34952046212,malaga.catextranjeria@policia.es,phone_or_email,,https://www.interior.gob.es/opencms/export/sites/default/.galleries/ucrania/Comisarias_proteccion_temporal.xlsx,https://www.interior.gob.es/opencms/export/sites/default/.galleries/ucrania/Comisarias_proteccion_temporal.xlsx,2022-03-30,2026-09-15,official_2022,Matches official Interior XLSX (file last modified 2022-03-30). Official list has no street address; confirm address separately.
comisaria-huesca,Comisaría Policía Nacional — Huesca,police_station,Aragón,Huesca,Huesca,,,,huesca.ucrania@policia.es,email,,https://www.interior.gob.es/opencms/export/sites/default/.galleries/ucrania/Comisarias_proteccion_temporal.xlsx,https://www.interior.gob.es/opencms/export/sites/default/.galleries/ucrania/Comisarias_proteccion_temporal.xlsx,2022-03-30,2026-09-15,official_2022,Matches official Interior XLSX (file last modified 2022-03-30). Official list has no street address; confirm address separately.
comisaria-teruel,Comisaría Policía Nacional — Teruel,police_station,Aragón,Teruel,Teruel,,,,teruel.bped@polcia.es,email,,https://www.interior.gob.es/opencms/export/sites/default/.galleries/ucrania/Comisarias_proteccion_temporal.xlsx,https://www.interior.gob.es/opencms/export/sites/default/.galleries/ucrania/Comisarias_proteccion_temporal.xlsx,2022-03-30,2026-09-15,official_2022,Matches official Interior XLSX (file last modified 2022-03-30). Official list has no street address; confirm address separately. Official XLSX itself has email domain 'polcia.es' (likely typo of policia.es). Do not show this email until confirmed.
comisaria-zaragoza,Comisaría Policía Nacional — Zaragoza,police_station,Aragón,Zaragoza,Zaragoza,,,,zaragoza.udeye@policia.es,email,,https://www.interior.gob.es/opencms/export/sites/default/.galleries/ucrania/Comisarias_proteccion_temporal.xlsx,https://www.interior.gob.es/opencms/export/sites/default/.galleries/ucrania/Comisarias_proteccion_temporal.xlsx,2022-03-30,2026-09-15,official_2022,Matches official Interior XLSX (file last modified 2022-03-30). Official list has no street address; confirm address separately.
comisaria-gijon,Comisaría Policía Nacional — Gijón,police_station,Asturias,Asturias,Gijón,,,,,icp_online,https://sede.administracionespublicas.gob.es/icpplus/index.html,https://www.interior.gob.es/opencms/export/sites/default/.galleries/ucrania/Comisarias_proteccion_temporal.xlsx,https://www.interior.gob.es/opencms/export/sites/default/.galleries/ucrania/Comisarias_proteccion_temporal.xlsx,2022-03-30,2026-09-15,official_2022,Matches official Interior XLSX (file last modified 2022-03-30). Official list has no street address; confirm address separately.
comisaria-oviedo,Comisaría Policía Nacional — Oviedo,police_station,Asturias,Asturias,Oviedo,,,,,icp_online,https://sede.administracionespublicas.gob.es/icpplus/index.html,https://www.interior.gob.es/opencms/export/sites/default/.galleries/ucrania/Comisarias_proteccion_temporal.xlsx,https://www.interior.gob.es/opencms/export/sites/default/.galleries/ucrania/Comisarias_proteccion_temporal.xlsx,2022-03-30,2026-09-15,official_2022,Matches official Interior XLSX (file last modified 2022-03-30). Official list has no street address; confirm address separately.
comisaria-ibiza,Comisaría Policía Nacional — Ibiza,police_station,Illes Balears,Illes Balears,Ibiza,,,+34971398831,,phone,,https://www.interior.gob.es/opencms/export/sites/default/.galleries/ucrania/Comisarias_proteccion_temporal.xlsx,https://www.interior.gob.es/opencms/export/sites/default/.galleries/ucrania/Comisarias_proteccion_temporal.xlsx,2022-03-30,2026-09-15,official_2022,Matches official Interior XLSX (file last modified 2022-03-30). Official list has no street address; confirm address separately.
comisaria-mahon,Comisaría Policía Nacional — Mahón,police_station,Illes Balears,Illes Balears,Mahón,,,+34971363712,,phone,,https://www.interior.gob.es/opencms/export/sites/default/.galleries/ucrania/Comisarias_proteccion_temporal.xlsx,https://www.interior.gob.es/opencms/export/sites/default/.galleries/ucrania/Comisarias_proteccion_temporal.xlsx,2022-03-30,2026-09-15,official_2022,Matches official Interior XLSX (file last modified 2022-03-30). Official list has no street address; confirm address separately.
comisaria-mallorca,Comisaría Policía Nacional — Mallorca,police_station,Illes Balears,Illes Balears,Mallorca,,,,,icp_online,https://sede.administracionespublicas.gob.es/icpplus/index.html,https://www.interior.gob.es/opencms/export/sites/default/.galleries/ucrania/Comisarias_proteccion_temporal.xlsx,https://www.interior.gob.es/opencms/export/sites/default/.galleries/ucrania/Comisarias_proteccion_temporal.xlsx,2022-03-30,2026-09-15,official_2022,Matches official Interior XLSX (file last modified 2022-03-30). Official list has no street address; confirm address separately. Source lists locality as 'MALLORCA'; exact city (likely Palma) not stated. Confirm.
comisaria-arrecife,Comisaría Policía Nacional — Arrecife,police_station,Canarias,Las Palmas,Arrecife,,,+34928844000;+34928844299,arrecife.documentacion@policia.es,phone_or_email,,https://www.interior.gob.es/opencms/export/sites/default/.galleries/ucrania/Comisarias_proteccion_temporal.xlsx,https://www.interior.gob.es/opencms/export/sites/default/.galleries/ucrania/Comisarias_proteccion_temporal.xlsx,2022-03-30,2026-09-15,official_2022,Matches official Interior XLSX (file last modified 2022-03-30). Official list has no street address; confirm address separately.
comisaria-las-palmas-de-gran-canaria,Comisaría Policía Nacional — Las Palmas de Gran Canaria,police_station,Canarias,Las Palmas,Las Palmas de Gran Canaria,,,+34928304660,laspalmas.protecciontemporal@policia.es,phone_or_email,,https://www.interior.gob.es/opencms/export/sites/default/.galleries/ucrania/Comisarias_proteccion_temporal.xlsx,https://www.interior.gob.es/opencms/export/sites/default/.galleries/ucrania/Comisarias_proteccion_temporal.xlsx,2022-03-30,2026-09-15,official_2022,Matches official Interior XLSX (file last modified 2022-03-30). Official list has no street address; confirm address separately.
comisaria-puerto-del-rosario,Comisaría Policía Nacional — Puerto del Rosario,police_station,Canarias,Las Palmas,Puerto del Rosario,,,+34928855924,prosario.extdoc@policia.es,phone_or_email,,https://www.interior.gob.es/opencms/export/sites/default/.galleries/ucrania/Comisarias_proteccion_temporal.xlsx,https://www.interior.gob.es/opencms/export/sites/default/.galleries/ucrania/Comisarias_proteccion_temporal.xlsx,2022-03-30,2026-09-15,official_2022,Matches official Interior XLSX (file last modified 2022-03-30). Official list has no street address; confirm address separately.
comisaria-santa-cruz-de-tenerife,Comisaría Policía Nacional — Santa Cruz de Tenerife,police_station,Canarias,Santa Cruz de Tenerife,Santa Cruz de Tenerife,,,+34922235635,sctenerife.citaudex@policia.es,phone_or_email,,https://www.interior.gob.es/opencms/export/sites/default/.galleries/ucrania/Comisarias_proteccion_temporal.xlsx,https://www.interior.gob.es/opencms/export/sites/default/.galleries/ucrania/Comisarias_proteccion_temporal.xlsx,2022-03-30,2026-09-15,official_2022,Matches official Interior XLSX (file last modified 2022-03-30). Official list has no street address; confirm address separately.
comisaria-cantabria,Comisaría Policía Nacional — Cantabria,police_station,Cantabria,Cantabria,Cantabria,,,+34942361120,santander.protecciontemporal@policia.es,phone_or_email,,https://www.interior.gob.es/opencms/export/sites/default/.galleries/ucrania/Comisarias_proteccion_temporal.xlsx,https://www.interior.gob.es/opencms/export/sites/default/.galleries/ucrania/Comisarias_proteccion_temporal.xlsx,2022-03-30,2026-09-15,official_2022,Matches official Interior XLSX (file last modified 2022-03-30). Official list has no street address; confirm address separately. Source lists locality as 'CANTABRIA'; email suggests Santander. Confirm city.
comisaria-albacete,Comisaría Policía Nacional — Albacete,police_station,Castilla-La Mancha,Albacete,Albacete,,,,albacete.asilo@policia.es,email,,https://www.interior.gob.es/opencms/export/sites/default/.galleries/ucrania/Comisarias_proteccion_temporal.xlsx,https://www.interior.gob.es/opencms/export/sites/default/.galleries/ucrania/Comisarias_proteccion_temporal.xlsx,2022-03-30,2026-09-15,official_2022,Matches official Interior XLSX (file last modified 2022-03-30). Official list has no street address; confirm address separately.
comisaria-ciudad-real,Comisaría Policía Nacional — Ciudad Real,police_station,Castilla-La Mancha,Ciudad Real,Ciudad Real,,,+34926277903;+34926277926,ciudadreal.extranjeria@policia.es,phone_or_email,,https://www.interior.gob.es/opencms/export/sites/default/.galleries/ucrania/Comisarias_proteccion_temporal.xlsx,https://www.interior.gob.es/opencms/export/sites/default/.galleries/ucrania/Comisarias_proteccion_temporal.xlsx,2022-03-30,2026-09-15,official_2022,Matches official Interior XLSX (file last modified 2022-03-30). Official list has no street address; confirm address separately.
comisaria-cuenca,Comisaría Policía Nacional — Cuenca,police_station,Castilla-La Mancha,Cuenca,Cuenca,,,+34969240795,cuenca.bped@policia.es,phone_or_email,,https://www.interior.gob.es/opencms/export/sites/default/.galleries/ucrania/Comisarias_proteccion_temporal.xlsx,https://www.interior.gob.es/opencms/export/sites/default/.galleries/ucrania/Comisarias_proteccion_temporal.xlsx,2022-03-30,2026-09-15,official_2022,Matches official Interior XLSX (file last modified 2022-03-30). Official list has no street address; confirm address separately.
comisaria-guadalajara,Comisaría Policía Nacional — Guadalajara,police_station,Castilla-La Mancha,Guadalajara,Guadalajara,,,,,icp_online,https://sede.administracionespublicas.gob.es/icpplus/index.html,https://www.interior.gob.es/opencms/export/sites/default/.galleries/ucrania/Comisarias_proteccion_temporal.xlsx,https://www.interior.gob.es/opencms/export/sites/default/.galleries/ucrania/Comisarias_proteccion_temporal.xlsx,2022-03-30,2026-09-15,official_2022,Matches official Interior XLSX (file last modified 2022-03-30). Official list has no street address; confirm address separately.
comisaria-toledo,Comisaría Policía Nacional — Toledo,police_station,Castilla-La Mancha,Toledo,Toledo,,,,toledo.desplazados_ucrania@policia.es,email,,https://www.interior.gob.es/opencms/export/sites/default/.galleries/ucrania/Comisarias_proteccion_temporal.xlsx,https://www.interior.gob.es/opencms/export/sites/default/.galleries/ucrania/Comisarias_proteccion_temporal.xlsx,2022-03-30,2026-09-15,official_2022,Matches official Interior XLSX (file last modified 2022-03-30). Official list has no street address; confirm address separately.
comisaria-avila,Comisaría Policía Nacional — Ávila,police_station,Castilla y León,Ávila,Ávila,,,,,icp_online,https://sede.administracionespublicas.gob.es/icpplus/index.html,https://www.interior.gob.es/opencms/export/sites/default/.galleries/ucrania/Comisarias_proteccion_temporal.xlsx,https://www.interior.gob.es/opencms/export/sites/default/.galleries/ucrania/Comisarias_proteccion_temporal.xlsx,2022-03-30,2026-09-15,official_2022,Matches official Interior XLSX (file last modified 2022-03-30). Official list has no street address; confirm address separately.
comisaria-burgos,Comisaría Policía Nacional — Burgos,police_station,Castilla y León,Burgos,Burgos,,,+34947282345,,phone,,https://www.interior.gob.es/opencms/export/sites/default/.galleries/ucrania/Comisarias_proteccion_temporal.xlsx,https://www.interior.gob.es/opencms/export/sites/default/.galleries/ucrania/Comisarias_proteccion_temporal.xlsx,2022-03-30,2026-09-15,official_2022,Matches official Interior XLSX (file last modified 2022-03-30). Official list has no street address; confirm address separately.
comisaria-leon,Comisaría Policía Nacional — León,police_station,Castilla y León,León,León,,,+34987218907;+34987218908;+34987218965,,phone,,https://www.interior.gob.es/opencms/export/sites/default/.galleries/ucrania/Comisarias_proteccion_temporal.xlsx,https://www.interior.gob.es/opencms/export/sites/default/.galleries/ucrania/Comisarias_proteccion_temporal.xlsx,2022-03-30,2026-09-15,official_2022,Matches official Interior XLSX (file last modified 2022-03-30). Official list has no street address; confirm address separately.
comisaria-palencia,Comisaría Policía Nacional — Palencia,police_station,Castilla y León,Palencia,Palencia,,,+34979167415;+34979167412,,phone,,https://www.interior.gob.es/opencms/export/sites/default/.galleries/ucrania/Comisarias_proteccion_temporal.xlsx,https://www.interior.gob.es/opencms/export/sites/default/.galleries/ucrania/Comisarias_proteccion_temporal.xlsx,2022-03-30,2026-09-15,official_2022,Matches official Interior XLSX (file last modified 2022-03-30). Official list has no street address; confirm address separately.
comisaria-salamanca,Comisaría Policía Nacional — Salamanca,police_station,Castilla y León,Salamanca,Salamanca,,,+34923127709;+34923127779,,phone,,https://www.interior.gob.es/opencms/export/sites/default/.galleries/ucrania/Comisarias_proteccion_temporal.xlsx,https://www.interior.gob.es/opencms/export/sites/default/.galleries/ucrania/Comisarias_proteccion_temporal.xlsx,2022-03-30,2026-09-15,official_2022,Matches official Interior XLSX (file last modified 2022-03-30). Official list has no street address; confirm address separately.
comisaria-segovia,Comisaría Policía Nacional — Segovia,police_station,Castilla y León,Segovia,Segovia,,,+34921414705,,phone,,https://www.interior.gob.es/opencms/export/sites/default/.galleries/ucrania/Comisarias_proteccion_temporal.xlsx,https://www.interior.gob.es/opencms/export/sites/default/.galleries/ucrania/Comisarias_proteccion_temporal.xlsx,2022-03-30,2026-09-15,official_2022,Matches official Interior XLSX (file last modified 2022-03-30). Official list has no street address; confirm address separately.
comisaria-soria,Comisaría Policía Nacional — Soria,police_station,Castilla y León,Soria,Soria,,,+34975239332,,phone,,https://www.interior.gob.es/opencms/export/sites/default/.galleries/ucrania/Comisarias_proteccion_temporal.xlsx,https://www.interior.gob.es/opencms/export/sites/default/.galleries/ucrania/Comisarias_proteccion_temporal.xlsx,2022-03-30,2026-09-15,official_2022,Matches official Interior XLSX (file last modified 2022-03-30). Official list has no street address; confirm address separately.
comisaria-valladolid,Comisaría Policía Nacional — Valladolid,police_station,Castilla y León,Valladolid,Valladolid,,,+34983456526,,phone,,https://www.interior.gob.es/opencms/export/sites/default/.galleries/ucrania/Comisarias_proteccion_temporal.xlsx,https://www.interior.gob.es/opencms/export/sites/default/.galleries/ucrania/Comisarias_proteccion_temporal.xlsx,2022-03-30,2026-09-15,official_2022,Matches official Interior XLSX (file last modified 2022-03-30). Official list has no street address; confirm address separately.
comisaria-zamora,Comisaría Policía Nacional — Zamora,police_station,Castilla y León,Zamora,Zamora,,,+34980509266,,phone,,https://www.interior.gob.es/opencms/export/sites/default/.galleries/ucrania/Comisarias_proteccion_temporal.xlsx,https://www.interior.gob.es/opencms/export/sites/default/.galleries/ucrania/Comisarias_proteccion_temporal.xlsx,2022-03-30,2026-09-15,official_2022,Matches official Interior XLSX (file last modified 2022-03-30). Official list has no street address; confirm address separately.
comisaria-girona,Comisaría Policía Nacional — Girona,police_station,Cataluña,Girona,Girona,,,,,icp_online,https://sede.administracionespublicas.gob.es/icpplus/index.html,https://www.interior.gob.es/opencms/export/sites/default/.galleries/ucrania/Comisarias_proteccion_temporal.xlsx,https://www.interior.gob.es/opencms/export/sites/default/.galleries/ucrania/Comisarias_proteccion_temporal.xlsx,2022-03-30,2026-09-15,official_2022,Matches official Interior XLSX (file last modified 2022-03-30). Official list has no street address; confirm address separately.
comisaria-lleida,Comisaría Policía Nacional — Lleida,police_station,Cataluña,Lleida,Lleida,,,+34973728500,,phone,,https://www.interior.gob.es/opencms/export/sites/default/.galleries/ucrania/Comisarias_proteccion_temporal.xlsx,https://www.interior.gob.es/opencms/export/sites/default/.galleries/ucrania/Comisarias_proteccion_temporal.xlsx,2022-03-30,2026-09-15,official_2022,Matches official Interior XLSX (file last modified 2022-03-30). Official list has no street address; confirm address separately.
comisaria-reus,Comisaría Policía Nacional — Reus,police_station,Cataluña,Tarragona,Reus,,,,,icp_online,https://sede.administracionespublicas.gob.es/icpplus/index.html,https://www.interior.gob.es/opencms/export/sites/default/.galleries/ucrania/Comisarias_proteccion_temporal.xlsx,https://www.interior.gob.es/opencms/export/sites/default/.galleries/ucrania/Comisarias_proteccion_temporal.xlsx,2022-03-30,2026-09-15,official_2022,Matches official Interior XLSX (file last modified 2022-03-30). Official list has no street address; confirm address separately.
comisaria-tarragona,Comisaría Policía Nacional — Tarragona,police_station,Cataluña,Tarragona,Tarragona,,,,,icp_online,https://sede.administracionespublicas.gob.es/icpplus/index.html,https://www.interior.gob.es/opencms/export/sites/default/.galleries/ucrania/Comisarias_proteccion_temporal.xlsx,https://www.interior.gob.es/opencms/export/sites/default/.galleries/ucrania/Comisarias_proteccion_temporal.xlsx,2022-03-30,2026-09-15,official_2022,Matches official Interior XLSX (file last modified 2022-03-30). Official list has no street address; confirm address separately.
comisaria-tortosa,Comisaría Policía Nacional — Tortosa,police_station,Cataluña,Tarragona,Tortosa,,,,,icp_online,https://sede.administracionespublicas.gob.es/icpplus/index.html,https://www.interior.gob.es/opencms/export/sites/default/.galleries/ucrania/Comisarias_proteccion_temporal.xlsx,https://www.interior.gob.es/opencms/export/sites/default/.galleries/ucrania/Comisarias_proteccion_temporal.xlsx,2022-03-30,2026-09-15,official_2022,Matches official Interior XLSX (file last modified 2022-03-30). Official list has no street address; confirm address separately.
comisaria-ceuta,Comisaría Policía Nacional — Ceuta,police_station,Ceuta,Ceuta,Ceuta,,,,,icp_online,https://sede.administracionespublicas.gob.es/icpplus/index.html,https://www.interior.gob.es/opencms/export/sites/default/.galleries/ucrania/Comisarias_proteccion_temporal.xlsx,https://www.interior.gob.es/opencms/export/sites/default/.galleries/ucrania/Comisarias_proteccion_temporal.xlsx,2022-03-30,2026-09-15,official_2022,Matches official Interior XLSX (file last modified 2022-03-30). Official list has no street address; confirm address separately.
comisaria-castellon-de-la-plana,Comisaría Policía Nacional — Castellón de la Plana,police_station,Comunitat Valenciana,Castellón,Castellón de la Plana,,,,castellon.protecciontemporal@policia.es,email,,https://www.interior.gob.es/opencms/export/sites/default/.galleries/ucrania/Comisarias_proteccion_temporal.xlsx,https://www.interior.gob.es/opencms/export/sites/default/.galleries/ucrania/Comisarias_proteccion_temporal.xlsx,2022-03-30,2026-09-15,official_2022,Matches official Interior XLSX (file last modified 2022-03-30). Official list has no street address; confirm address separately.
comisaria-valencia,Comisaría Policía Nacional — Valencia,police_station,Comunitat Valenciana,Valencia,Valencia,,,,valencia.proteccioninternacional1@policia.es,email,,https://www.interior.gob.es/opencms/export/sites/default/.galleries/ucrania/Comisarias_proteccion_temporal.xlsx,https://www.interior.gob.es/opencms/export/sites/default/.galleries/ucrania/Comisarias_proteccion_temporal.xlsx,2022-03-30,2026-09-15,official_2022,Matches official Interior XLSX (file last modified 2022-03-30). Official list has no street address; confirm address separately.
comisaria-villarreal,Comisaría Policía Nacional — Villarreal,police_station,Comunitat Valenciana,Castellón,Villarreal,,,,castellon.protecciontemporal@policia.es,email,,https://www.interior.gob.es/opencms/export/sites/default/.galleries/ucrania/Comisarias_proteccion_temporal.xlsx,https://www.interior.gob.es/opencms/export/sites/default/.galleries/ucrania/Comisarias_proteccion_temporal.xlsx,2022-03-30,2026-09-15,official_2022,Matches official Interior XLSX (file last modified 2022-03-30). Official list has no street address; confirm address separately. Shares email with Castellón in source.
comisaria-badajoz,Comisaría Policía Nacional — Badajoz,police_station,Extremadura,Badajoz,Badajoz,,,+34924205494,badajoz.bped@policia.es,phone_or_email,,https://www.interior.gob.es/opencms/export/sites/default/.galleries/ucrania/Comisarias_proteccion_temporal.xlsx,https://www.interior.gob.es/opencms/export/sites/default/.galleries/ucrania/Comisarias_proteccion_temporal.xlsx,2022-03-30,2026-09-15,official_2022,Matches official Interior XLSX (file last modified 2022-03-30). Official list has no street address; confirm address separately.
comisaria-caceres,Comisaría Policía Nacional — Cáceres,police_station,Extremadura,Cáceres,Cáceres,,,+34927626525,,phone,,https://www.interior.gob.es/opencms/export/sites/default/.galleries/ucrania/Comisarias_proteccion_temporal.xlsx,https://www.interior.gob.es/opencms/export/sites/default/.galleries/ucrania/Comisarias_proteccion_temporal.xlsx,2022-03-30,2026-09-15,official_2022,Matches official Interior XLSX (file last modified 2022-03-30). Official list has no street address; confirm address separately.
comisaria-ferrol,Comisaría Policía Nacional — Ferrol,police_station,Galicia,A Coruña,Ferrol,,,,,icp_online,https://sede.administracionespublicas.gob.es/icpplus/index.html,https://www.interior.gob.es/opencms/export/sites/default/.galleries/ucrania/Comisarias_proteccion_temporal.xlsx,https://www.interior.gob.es/opencms/export/sites/default/.galleries/ucrania/Comisarias_proteccion_temporal.xlsx,2022-03-30,2026-09-15,official_2022,Matches official Interior XLSX (file last modified 2022-03-30). Official list has no street address; confirm address separately.
comisaria-a-coruna,Comisaría Policía Nacional — A Coruña,police_station,Galicia,A Coruña,A Coruña,,,,,icp_online,https://sede.administracionespublicas.gob.es/icpplus/index.html,https://www.interior.gob.es/opencms/export/sites/default/.galleries/ucrania/Comisarias_proteccion_temporal.xlsx,https://www.interior.gob.es/opencms/export/sites/default/.galleries/ucrania/Comisarias_proteccion_temporal.xlsx,2022-03-30,2026-09-15,official_2022,Matches official Interior XLSX (file last modified 2022-03-30). Official list has no street address; confirm address separately.
comisaria-lugo,Comisaría Policía Nacional — Lugo,police_station,Galicia,Lugo,Lugo,,,,,icp_online,https://sede.administracionespublicas.gob.es/icpplus/index.html,https://www.interior.gob.es/opencms/export/sites/default/.galleries/ucrania/Comisarias_proteccion_temporal.xlsx,https://www.interior.gob.es/opencms/export/sites/default/.galleries/ucrania/Comisarias_proteccion_temporal.xlsx,2022-03-30,2026-09-15,official_2022,Matches official Interior XLSX (file last modified 2022-03-30). Official list has no street address; confirm address separately.
comisaria-ourense,Comisaría Policía Nacional — Ourense,police_station,Galicia,Ourense,Ourense,,,+34988391830,orense.bped@policia.es,phone_or_email,,https://www.interior.gob.es/opencms/export/sites/default/.galleries/ucrania/Comisarias_proteccion_temporal.xlsx,https://www.interior.gob.es/opencms/export/sites/default/.galleries/ucrania/Comisarias_proteccion_temporal.xlsx,2022-03-30,2026-09-15,official_2022,Matches official Interior XLSX (file last modified 2022-03-30). Official list has no street address; confirm address separately.
comisaria-pontevedra,Comisaría Policía Nacional — Pontevedra,police_station,Galicia,Pontevedra,Pontevedra,,,+34986868327;+34986868847,,phone,,https://www.interior.gob.es/opencms/export/sites/default/.galleries/ucrania/Comisarias_proteccion_temporal.xlsx,https://www.interior.gob.es/opencms/export/sites/default/.galleries/ucrania/Comisarias_proteccion_temporal.xlsx,2022-03-30,2026-09-15,official_2022,Matches official Interior XLSX (file last modified 2022-03-30). Official list has no street address; confirm address separately.
comisaria-santiago-de-compostela,Comisaría Policía Nacional — Santiago de Compostela,police_station,Galicia,A Coruña,Santiago de Compostela,,,,,icp_online,https://sede.administracionespublicas.gob.es/icpplus/index.html,https://www.interior.gob.es/opencms/export/sites/default/.galleries/ucrania/Comisarias_proteccion_temporal.xlsx,https://www.interior.gob.es/opencms/export/sites/default/.galleries/ucrania/Comisarias_proteccion_temporal.xlsx,2022-03-30,2026-09-15,official_2022,Matches official Interior XLSX (file last modified 2022-03-30). Official list has no street address; confirm address separately.
comisaria-tui,Comisaría Policía Nacional — Tui,police_station,Galicia,Pontevedra,Tui,,,+34986619703,,phone,,https://www.interior.gob.es/opencms/export/sites/default/.galleries/ucrania/Comisarias_proteccion_temporal.xlsx,https://www.interior.gob.es/opencms/export/sites/default/.galleries/ucrania/Comisarias_proteccion_temporal.xlsx,2022-03-30,2026-09-15,official_2022,Matches official Interior XLSX (file last modified 2022-03-30). Official list has no street address; confirm address separately.
comisaria-vigo,Comisaría Policía Nacional — Vigo,police_station,Galicia,Pontevedra,Vigo,,,+34986820687,,phone,,https://www.interior.gob.es/opencms/export/sites/default/.galleries/ucrania/Comisarias_proteccion_temporal.xlsx,https://www.interior.gob.es/opencms/export/sites/default/.galleries/ucrania/Comisarias_proteccion_temporal.xlsx,2022-03-30,2026-09-15,official_2022,Matches official Interior XLSX (file last modified 2022-03-30). Official list has no street address; confirm address separately.
comisaria-logrono,Comisaría Policía Nacional — Logroño,police_station,La Rioja,La Rioja,Logroño,,,,,icp_online,https://sede.administracionespublicas.gob.es/icpplus/index.html,https://www.interior.gob.es/opencms/export/sites/default/.galleries/ucrania/Comisarias_proteccion_temporal.xlsx,https://www.interior.gob.es/opencms/export/sites/default/.galleries/ucrania/Comisarias_proteccion_temporal.xlsx,2022-03-30,2026-09-15,official_2022,Matches official Interior XLSX (file last modified 2022-03-30). Official list has no street address; confirm address separately.
comisaria-melilla,Comisaría Policía Nacional — Melilla,police_station,Melilla,Melilla,Melilla,,,+34952696391,,phone,,https://www.interior.gob.es/opencms/export/sites/default/.galleries/ucrania/Comisarias_proteccion_temporal.xlsx,https://www.interior.gob.es/opencms/export/sites/default/.galleries/ucrania/Comisarias_proteccion_temporal.xlsx,2022-03-30,2026-09-15,official_2022,Matches official Interior XLSX (file last modified 2022-03-30). Official list has no street address; confirm address separately.
comisaria-cartagena,Comisaría Policía Nacional — Cartagena,police_station,Región de Murcia,Murcia,Cartagena,,,+34968321285,,phone,,https://www.interior.gob.es/opencms/export/sites/default/.galleries/ucrania/Comisarias_proteccion_temporal.xlsx,https://www.interior.gob.es/opencms/export/sites/default/.galleries/ucrania/Comisarias_proteccion_temporal.xlsx,2022-03-30,2026-09-15,official_2022,Matches official Interior XLSX (file last modified 2022-03-30). Official list has no street address; confirm address separately.
comisaria-alcantarilla,Comisaría Policía Nacional — Alcantarilla,police_station,Región de Murcia,Murcia,Alcantarilla,,,+34968801100,,phone,,https://www.interior.gob.es/opencms/export/sites/default/.galleries/ucrania/Comisarias_proteccion_temporal.xlsx,https://www.interior.gob.es/opencms/export/sites/default/.galleries/ucrania/Comisarias_proteccion_temporal.xlsx,2022-03-30,2026-09-15,official_2022,Matches official Interior XLSX (file last modified 2022-03-30). Official list has no street address; confirm address separately.
comisaria-yecla,Comisaría Policía Nacional — Yecla,police_station,Región de Murcia,Murcia,Yecla,,,+34968751302,,phone,,https://www.interior.gob.es/opencms/export/sites/default/.galleries/ucrania/Comisarias_proteccion_temporal.xlsx,https://www.interior.gob.es/opencms/export/sites/default/.galleries/ucrania/Comisarias_proteccion_temporal.xlsx,2022-03-30,2026-09-15,official_2022,Matches official Interior XLSX (file last modified 2022-03-30). Official list has no street address; confirm address separately.
comisaria-lorca,Comisaría Policía Nacional — Lorca,police_station,Región de Murcia,Murcia,Lorca,,,+34968477278,,phone,,https://www.interior.gob.es/opencms/export/sites/default/.galleries/ucrania/Comisarias_proteccion_temporal.xlsx,https://www.interior.gob.es/opencms/export/sites/default/.galleries/ucrania/Comisarias_proteccion_temporal.xlsx,2022-03-30,2026-09-15,official_2022,Matches official Interior XLSX (file last modified 2022-03-30). Official list has no street address; confirm address separately.
comisaria-molina-de-segura,Comisaría Policía Nacional — Molina de Segura,police_station,Región de Murcia,Murcia,Molina de Segura,,,+34968386303,,phone,,https://www.interior.gob.es/opencms/export/sites/default/.galleries/ucrania/Comisarias_proteccion_temporal.xlsx,https://www.interior.gob.es/opencms/export/sites/default/.galleries/ucrania/Comisarias_proteccion_temporal.xlsx,2022-03-30,2026-09-15,official_2022,Matches official Interior XLSX (file last modified 2022-03-30). Official list has no street address; confirm address separately.
comisaria-murcia,Comisaría Policía Nacional — Murcia,police_station,Región de Murcia,Murcia,Murcia,,,+34968889605,,phone,,https://www.interior.gob.es/opencms/export/sites/default/.galleries/ucrania/Comisarias_proteccion_temporal.xlsx,https://www.interior.gob.es/opencms/export/sites/default/.galleries/ucrania/Comisarias_proteccion_temporal.xlsx,2022-03-30,2026-09-15,official_2022,Matches official Interior XLSX (file last modified 2022-03-30). Official list has no street address; confirm address separately.
comisaria-tudela,Comisaría Policía Nacional — Tudela,police_station,Navarra,Navarra,Tudela,,,+34948827450,,phone,,https://www.interior.gob.es/opencms/export/sites/default/.galleries/ucrania/Comisarias_proteccion_temporal.xlsx,https://www.interior.gob.es/opencms/export/sites/default/.galleries/ucrania/Comisarias_proteccion_temporal.xlsx,2022-03-30,2026-09-15,official_2022,Matches official Interior XLSX (file last modified 2022-03-30). Official list has no street address; confirm address separately.
comisaria-pamplona,Comisaría Policía Nacional — Pamplona,police_station,Navarra,Navarra,Pamplona,,,,,icp_online,https://sede.administracionespublicas.gob.es/icpplus/index.html,https://www.interior.gob.es/opencms/export/sites/default/.galleries/ucrania/Comisarias_proteccion_temporal.xlsx,https://www.interior.gob.es/opencms/export/sites/default/.galleries/ucrania/Comisarias_proteccion_temporal.xlsx,2022-03-30,2026-09-15,official_2022,Matches official Interior XLSX (file last modified 2022-03-30). Official list has no street address; confirm address separately.
comisaria-bilbao,Comisaría Policía Nacional — Bilbao,police_station,País Vasco,Bizkaia,Bilbao,,,,,icp_online,https://sede.administracionespublicas.gob.es/icpplus/index.html,https://www.interior.gob.es/opencms/export/sites/default/.galleries/ucrania/Comisarias_proteccion_temporal.xlsx,https://www.interior.gob.es/opencms/export/sites/default/.galleries/ucrania/Comisarias_proteccion_temporal.xlsx,2022-03-30,2026-09-15,official_2022,Matches official Interior XLSX (file last modified 2022-03-30). Official list has no street address; confirm address separately.
comisaria-san-sebastian,Comisaría Policía Nacional — San Sebastián,police_station,País Vasco,Gipuzkoa,San Sebastián,,,,,icp_online,https://sede.administracionespublicas.gob.es/icpplus/index.html,https://www.interior.gob.es/opencms/export/sites/default/.galleries/ucrania/Comisarias_proteccion_temporal.xlsx,https://www.interior.gob.es/opencms/export/sites/default/.galleries/ucrania/Comisarias_proteccion_temporal.xlsx,2022-03-30,2026-09-15,official_2022,Matches official Interior XLSX (file last modified 2022-03-30). Official list has no street address; confirm address separately.
comisaria-vitoria-gasteiz,Comisaría Policía Nacional — Vitoria-Gasteiz,police_station,País Vasco,Araba/Álava,Vitoria-Gasteiz,,,,,icp_online,https://sede.administracionespublicas.gob.es/icpplus/index.html,https://www.interior.gob.es/opencms/export/sites/default/.galleries/ucrania/Comisarias_proteccion_temporal.xlsx,https://www.interior.gob.es/opencms/export/sites/default/.galleries/ucrania/Comisarias_proteccion_temporal.xlsx,2022-03-30,2026-09-15,official_2022,Matches official Interior XLSX (file last modified 2022-03-30). Official list has no street address; confirm address separately.
